<game_config>
  <game_key>aliensvspredator2010_win32</game_key>
  <protocol>lgsl</protocol>
  <lgsl_query_name>avp2010</lgsl_query_name>
  <installer>steamcmd</installer>
  <game_name>Aliens vs Predator 2010</game_name>
  <server_exec_name>avp_cli.exe</server_exec_name>
  <cli_template>%IP%</cli_template>
  <cli_params>
    <cli_param id="IP" cli_string="-IP=" />
  </cli_params>
  <console_log>logfiles/dedicated_console.txt</console_log>
  <max_user_amount>18</max_user_amount>
  <mods>
    <mod key="aliensvspredator">
      <name>none</name>
	  <installer_name>34120</installer_name>
    </mod>
  </mods>
  <replace_texts>
    <text key="home_name">
      <default>servername.*</default>
      <var>servername</var>
      <filepath>default.cfg</filepath>
      <options>s</options>
    </text>
    <text key="control_password">
      <default>rconpassword.*</default>
      <var>rconpassword</var>
      <filepath>default.cfg</filepath>
      <options>s</options>
    </text>
    <text key="max_players">
      <default>maxplayers.*</default>
      <var>maxplayers</var>
      <filepath>default.cfg</filepath>
      <options>s</options>
    </text>
	<text key="port">
      <default>gameport.*</default>
      <var>gameport</var>
      <filepath>default.cfg</filepath>
      <options>s</options>
    </text>
	<text key="port">
      <default>authport.*</default>
      <var>authport</var>
      <filepath>default.cfg</filepath>
      <options>s</options>
    </text>
	<text key="port">
      <default>lobbyport.*</default>
      <var>lobbyport</var>
      <filepath>default.cfg</filepath>
      <options>s</options>
    </text>
	<text key="port">
      <default>updateport.*</default>
      <var>updateport</var>
      <filepath>default.cfg</filepath>
      <options>s</options>
    </text>
	<text key="true">
      <default>addmap.*</default>
      <var>addmap Jungle DM tl=15 sl=20</var>
      <filepath>default.cfg</filepath>
      <options>ns</options>
    </text>
	<text key="true">
      <default>host.*</default>
      <var>host</var>
      <filepath>default.cfg</filepath>
      <options></options>
    </text>
  </replace_texts>
</game_config>
