<game_config>
  <game_key>callofduty4_win32</game_key>
  <protocol>lgsl</protocol>
  <lgsl_query_name>callofduty4</lgsl_query_name>
  <game_name>Call of Duty 4</game_name>
  <server_exec_name>iw3mp.exe</server_exec_name>
  <cli_template>+set dedicated 2 %IP% %PORT% %BASE_PATH% %HOME_PATH% %SAVE_PATH% %FS_GAME% %PB% %EXEC% %RCON% %PLAYERS% +map_rotate</cli_template>
  <cli_params>
    <cli_param id="IP" cli_string="+set net_ip" options="s" />
    <cli_param id="PORT" cli_string="+set net_port" options="s" />
    <cli_param id="BASE_PATH" cli_string="+set fs_basepath" options="s" />
    <cli_param id="HOME_PATH" cli_string="+set fs_homepath" options="s" />
    <cli_param id="SAVE_PATH" cli_string="+set fs_savepath" options="s" />
    <cli_param id="PLAYERS" cli_string="+set sv_maxclients" options="s" />
  </cli_params>
  <max_user_amount>64</max_user_amount>
  <control_protocol>rcon</control_protocol>
  <control_protocol_type>old</control_protocol_type>
  <mods>
    <mod key="default">
      <name>None</name>
    </mod>
  </mods>
  <server_params>
    <param key="+set fs_game" type="text" id="FS_GAME">
      <default></default>
      <caption></caption>
      <desc>Set the server to run a mod. For example: mods/my_mod</desc>
    </param>
    <param key="+set sv_punkbuster" type="text" id="PB">
      <default>1</default>
      <caption></caption>
      <desc>Set your PunkBuster Server Enabled or Disabled.</desc>
    </param>
    <param key="+exec" type="text" id="EXEC">
      <default>server.cfg</default>
      <caption></caption>
      <desc>Set the name of your server configuration file.</desc>
    </param>
    <param key="+set rcon_password" type="text" id="RCON">
      <default>MyPassword</default>
      <caption></caption>
      <desc>Set your Remote Console password.</desc>
    </param>
  </server_params>
</game_config>