<game_config>
  <game_key>cs2d_linux32</game_key>
  <protocol>lgsl</protocol>
  <lgsl_query_name>cs2d</lgsl_query_name>
  <game_name>Counter-Strike 2D</game_name>
  <server_exec_name>cs2d_dedicated</server_exec_name>
  <cli_template>%PORT% %PLAYERS%</cli_template>
  <cli_params>
    <cli_param id="PORT" cli_string="-port" options="s" />
    <cli_param id="PLAYERS" cli_string="-maxplayers" options="s" />
  </cli_params>
  <maps_location>maps/</maps_location>
  <map_list>sys/mapcycle.cfg</map_list>
  <max_user_amount>32</max_user_amount>
  <control_protocol>rcon</control_protocol>
  <mods>
    <mod key="default">
      <name>none</name>
    </mod>
  </mods>
</game_config>
