<game_config>
  <game_key>left4dead2_linux32</game_key>
  <protocol>lgsl</protocol>
  <lgsl_query_name>source</lgsl_query_name>
  <installer>steamcmd</installer>
  <game_name>Left 4 Dead 2</game_name>
  <server_exec_name>srcds_run</server_exec_name>
  <cli_template>%GAME_TYPE% %PID_FILE% %MAP% %IP% %PORT% %PLAYERS%</cli_template>
  <cli_params>
    <cli_param id="PID_FILE" cli_string="-pidfile" options="s" />
    <cli_param id="MAP" cli_string="+map" options="s" />
    <cli_param id="IP" cli_string="+ip" options="s" />
    <cli_param id="PORT" cli_string="+hostport" options="s" />
    <cli_param id="PLAYERS" cli_string="-maxplayers" options="s" />
    <cli_param id="GAME_TYPE" cli_string="-game" options="s" />
  </cli_params>
  <maps_location>left4dead2/maps</maps_location>
  <map_list>left4dead2/maplist.txt</map_list>
  <max_user_amount>32</max_user_amount>
  <control_protocol>rcon2</control_protocol>
  <mods>
    <mod key="left4dead2">
      <name>none</name>
	  <installer_name>222860</installer_name>
	  <installer_login>anonymous</installer_login>
    </mod>
  </mods>
  <server_params>
	<param key="-autoupdate -steam_dir {OGP_STEAM_CMD_DIR} -steamcmd_script {STEAMCMD_INSTALL_FILE}" type="checkbox_key_value">
      <caption>Auto-Update</caption>
      <desc>The server will automatically download official updates as they are released.</desc>
    </param>
    <param key="-insecure" type="checkbox_key_value">
      <caption>Disable Valve Anti-Cheat</caption>
      <desc>Will start the server without Valve Anti-Cheat technology.</desc>
    </param>
	<param key="-nohltv" type="checkbox_key_value">
      <caption>No SourceTV</caption>
      <desc>Disables SourceTV and closes its port.</desc>
    </param>
    <param key="-norestart" type="checkbox_key_value">
      <caption>No Restart</caption>
      <desc>Won't attempt to restart failed servers.</desc>
    </param>
    <param key="-nomaster" type="checkbox_key_value">
      <caption>Disable master server communication</caption>
    </param>
  </server_params>
  <custom_fields>
    <field key="sv_maxrate" type="text">
      <default>sv_maxrate.*</default>
      <default_value>0</default_value>
      <var>sv_maxrate</var>
      <filepath>left4dead2/cfg/server.cfg</filepath>
      <options>s</options>
      <desc>Max bandwidth rate allowed on server ( bytes per second ), 0 == unlimited.</desc>
    </field>
	<field key="sv_minrate" type="text">
      <default>sv_minrate.*</default>
      <default_value>5000</default_value>
      <var>sv_minrate</var>
      <filepath>left4dead2/cfg/server.cfg</filepath>
      <options>s</options>
      <desc>Min bandwidth rate allowed on server ( bytes per second ), 0 == unlimited.</desc>
    </field>
    <field key="sv_maxcmdrate" type="text">
      <default>sv_maxcmdrate.*</default>
      <default_value>66</default_value>
      <var>sv_maxcmdrate</var>
      <filepath>left4dead2/cfg/server.cfg</filepath>
      <options>s</options>
      <desc>If sv_mincmdrate is > 0, this sets the maximum value for cl_cmdrate.</desc>
    </field>
    <field key="sv_mincmdrate" type="text">
      <default>sv_mincmdrate.*</default>
      <default_value>67</default_value>
      <var>sv_mincmdrate</var>
      <filepath>left4dead2/cfg/server.cfg</filepath>
      <options>s</options>
      <desc>This sets the minimum value for cl_cmdrate. 0 == unlimited.</desc>
    </field>
    <field key="sv_maxupdaterate" type="text">
      <default>sv_maxupdaterate.*</default>
      <default_value>66</default_value>
      <var>sv_maxupdaterate</var>
      <filepath>left4dead2/cfg/server.cfg</filepath>
      <options>s</options>
      <desc>Maximum updates per second that the server will allow.</desc>
    </field>
    <field key="sv_minupdaterate" type="text">
      <default>sv_minupdaterate.*</default>
      <default_value>67</default_value>
      <var>sv_minupdaterate</var>
      <filepath>left4dead2/cfg/server.cfg</filepath>
      <options>s</options>
      <desc>Minimum updates per second that the server will allow.</desc>
    </field>
  </custom_fields>
</game_config>
