<game_config>
  <game_key>tmf_linux32</game_key>
  <game_name>TrackMania Nations Forever</game_name>
  <server_exec_name>TrackmaniaServer</server_exec_name>
  <cli_template>/internet /bindip%IP%%PORT% %MAP%.txt /nodaemon /dedicated_cfg=dedicated_cfg.txt</cli_template>
  <cli_params>
    <cli_param id="MAP" cli_string="/game_settings=MatchSettings/Nations/" />
    <cli_param id="IP" cli_string="=" />
    <cli_param id="PORT" cli_string=":" />
  </cli_params>
  <maps_location>GameData/Tracks/MatchSettings/Nations/</maps_location>
  <max_user_amount>32</max_user_amount>
  <mods>
    <mod key="tmnf">
      <name>none</name>
    </mod>
  </mods>
  <server_params>
	<param key="/login=" type="text">
	  <option>ns</option>
      <caption>/login=</caption>
      <desc>Your TMF login username</desc>
	</param>
	<param key="/password=" type="text">
	  <option>ns</option>
      <caption>/password=</caption>
      <desc>Your TMF login password</desc>
	</param>
  </server_params>
</game_config>